epoch,train_loss,val_loss,train_metric,val_metric,lr
0,0.44389868375300023,0.3981474418640137,0.07927567739875949,0.09716228032112122,0.001
1,0.24655924669476975,0.3123836278915405,0.15410410511751277,0.17927970981597902,0.001
2,0.17332073281399485,0.24080471694469452,0.21533584871402786,0.39992542362213135,0.001
3,0.13258824129255356,0.22079575276374816,0.29783916406604755,0.4685827856063843,0.001
4,0.11158571586984785,0.18321127474308013,0.3412020234596066,0.4658337163925171,0.001
5,0.09939042723574797,0.12945910900831223,0.37730381306575367,0.5179284448623658,0.001
6,0.09137993796962221,0.17456188023090363,0.4024323903414763,0.47135453653335574,0.001
7,0.08931672917146022,0.1247714837193489,0.4268453782107554,0.5824380602836609,0.001
8,0.12053086082426821,0.20674682700634003,0.31670579983263597,0.4953919677734375,0.001
9,0.09035558589533263,0.14361526834964752,0.40656155026426505,0.5465801963806153,0.001
10,0.08345836520988066,0.17848864078521728,0.45226100560616095,0.5092783546447754,0.001
11,0.07684890731495349,0.12762189775705338,0.4559173037429579,0.5663027744293213,0.001
12,0.07741847568873216,0.11205409777164459,0.4626233834846347,0.6233343081474304,0.001
13,0.07435922118342843,0.12026586747169495,0.47887631832193783,0.6122355818748474,0.001
14,0.07358025741719064,0.11359945148229598,0.48053858027595575,0.6116123433113099,0.001
15,0.0723219510002368,0.10258144122362137,0.497026386238089,0.6610549788475036,0.001
16,0.07181155742580245,0.10570180439949035,0.5034938617771556,0.6062739510536194,0.001
17,0.06936306991324086,0.11206041860580444,0.49533428693590476,0.6224842109680175,0.001
18,0.0665681270264587,0.15471572458744048,0.5191355761216612,0.580664014339447,0.001
19,0.06665496217335115,0.09817091065645218,0.5140166992948455,0.6607193322181701,0.001
20,0.06604921957161151,0.1431773521900177,0.5211839170730701,0.5790682158470154,0.001
21,0.06548582069745727,0.18949572145938873,0.5272558477698636,0.5260088605880737,0.001
22,0.06362248667362644,0.12130631548166275,0.5196737551770243,0.6070391540527343,0.001
23,0.06895354903247558,0.10937310355901718,0.5017503425210607,0.5992572631835937,0.001
24,0.06620019750625622,0.09840376496315002,0.5200174079508054,0.6524093070030212,0.001
25,0.06582407831770032,0.09971682119369507,0.5297760421536168,0.6175158333778381,0.001
26,0.06496657388044053,0.09590861785411835,0.5242010496911549,0.6331569213867188,0.001
27,0.06368251806166039,0.1150183909535408,0.5252110266408809,0.594277545452118,0.001
28,0.06555411478682678,0.08829246884584427,0.5163466744467753,0.6517825665473937,0.001
29,0.06134141156045186,0.09893241333961487,0.538044226389019,0.627293933391571,0.001
30,0.06385122410425333,0.08840978848934174,0.547342494708531,0.6627065825462342,0.001
31,0.06365760967654198,0.10005518049001694,0.5441334067749567,0.6130390119552612,0.001
32,0.062129798097436836,0.0938196946978569,0.5339165406973183,0.6523349814414978,0.001
33,0.06233564633376697,0.12457824444770813,0.5547461184252258,0.5843030786514283,0.001
34,0.06477447268830723,0.10607145154476166,0.534783613781969,0.6080834307670593,0.001
35,0.060986573255958916,0.10313372629880906,0.5359897524798188,0.6729096932411194,0.001
36,0.061825829426519104,0.09857766640186309,0.5560040979110608,0.632721321105957,0.001
37,0.06033887173764321,0.09268670564889908,0.5478933001575874,0.668347900390625,0.001
38,0.059006301345539934,0.09257049971818924,0.5459602532648191,0.6370451745986938,0.001
39,0.062401458000888727,0.09664206844568253,0.5356662625453624,0.6547013626098633,0.001
40,0.06268001590766349,0.10551595371961593,0.5377856336441599,0.6177991676330566,0.001
41,0.06052315669680605,0.09966588914394378,0.5390555564285804,0.6502397098541259,0.001
42,0.05957759205861633,0.11630207413434983,0.5622251746462745,0.6061225852966309,0.001
43,0.05900593496718946,0.09133306491374969,0.5627439303033683,0.6556071043014526,0.001
44,0.06013128603575658,0.09292309218645096,0.5623840612619102,0.6659297046661377,0.001
45,0.058717001666303344,0.09577085155248642,0.5577943182172848,0.6346741561889648,0.001
46,0.0614295879862651,0.08550052380561829,0.5568087549388957,0.6692050609588623,0.001
47,0.060318950046392,0.1262700173854828,0.5480476497363548,0.5766522679328918,0.001
48,0.058614895426008215,0.09119598495960235,0.55524125131143,0.6742014899253845,0.001
49,0.06101149920390553,0.08610224390029907,0.541134661796237,0.6707060165405273,0.001
50,0.05810361081848339,0.08300374466180802,0.5563920883237481,0.725912477016449,0.001
51,0.05971746468672804,0.09964713537693023,0.5592958707244647,0.6146170697212219,0.001
52,0.06147819133449335,0.10183295029401779,0.5486815041329871,0.606076081752777,0.001
53,0.056996411521311234,0.09754974853992462,0.5686637577818794,0.6310371427536011,0.001
54,0.05888733105296467,0.09092449080944061,0.5635636878662369,0.6735818452835083,0.001
55,0.05891749212572745,0.09644341659545898,0.5581865121050328,0.6783227968215942,0.001
56,0.05712990038970462,0.08030170395970344,0.5659765844442406,0.7249595732688904,0.001
57,0.05813394146425431,0.11022008198499679,0.5691316580863879,0.6162174353599549,0.001
58,0.06206479355045894,0.13064066237211228,0.5444314434033196,0.6522363376617432,0.001
59,0.05844749255823631,0.08278092008829117,0.5664312176916207,0.7082033853530884,0.001
60,0.0573859825184723,0.08292373299598693,0.5680432196567897,0.7176492800712585,0.001
61,0.05678574012673679,0.08841118425130844,0.5599037787588943,0.7025043120384217,0.001
62,0.057497010311755054,0.09783263194561005,0.5604701811382894,0.6585629057884216,0.001
63,0.057453402108242624,0.12008364188671113,0.5711932445631451,0.6376090707778931,0.001
64,0.057692017376410956,0.10907538038492202,0.5598669026125999,0.6102745604515075,0.001
65,0.0586485322587201,0.0947707109451294,0.561828090482447,0.650562557220459,0.001
66,0.06031686915796535,0.10106247353553773,0.5630627183639416,0.6984244747161865,0.001
67,0.06006845109173659,0.1146604670882225,0.5434585988831644,0.6716503872871399,0.001
68,0.05927880498028698,0.08660441142320632,0.5625117720962286,0.6899181470870972,0.001
69,0.05860863010488113,0.09513365483283996,0.5570897506017025,0.662882029056549,0.001
70,0.05847862634171291,0.09213470792770385,0.5600878986514726,0.6482117853164673,0.001
71,0.05785888944919847,0.09260283482074738,0.553360270184963,0.6715696301460267,0.001
72,0.0569294877544123,0.09749438714981079,0.564600287102947,0.6486034007072449,0.001
73,0.05856075227445438,0.09140469187498093,0.5524951266545971,0.6585170874595642,0.001
74,0.057091847847716336,0.08285596555471421,0.566771462160189,0.7087324323654175,0.001
75,0.05714096622068246,0.08498416256904602,0.5674086947019409,0.7147941975593567,0.001
76,0.05721288829782501,0.08098694789409637,0.5692858603559717,0.7228304090499877,0.001
77,0.05842951964847848,0.09595680755376816,0.5752122858229901,0.6528900160789489,0.001
78,0.05778668884064208,0.09879180365800858,0.5589622474756657,0.6625833029747009,0.001
79,0.057653457726858384,0.09795732647180558,0.5674886729727749,0.6436254281997681,0.001
80,0.056918864487623774,0.0891381339430809,0.5647283470978877,0.6746491575241089,0.001
81,0.055628508876482935,0.08341467159986496,0.571053478802715,0.7003779869079589,0.001
82,0.055400409455857974,0.0791322448849678,0.571672614370169,0.7231897234916687,0.001
83,0.057059606467904735,0.09230944001674653,0.5741979145750898,0.6730654501914978,0.001
84,0.05862585192217546,0.08691562885046006,0.5624124839717076,0.6901139507293701,0.001
85,0.057727450545893615,0.0776568078994751,0.5714674327506118,0.7142203540802002,0.001
86,0.055050728640624554,0.08351354879140854,0.5722531747131073,0.7157465558052063,0.001
87,0.056920918895035276,0.09913519090414047,0.5774332179981215,0.6642390151023865,0.001
88,0.06089169440829024,0.09087409770488739,0.5596110052397462,0.6579021835327148,0.001
89,0.05792044778438318,0.08546030008792878,0.5674730826254223,0.6816590275764466,0.001
90,0.05710354943473895,0.09509576386213303,0.5605489099059118,0.7230047845840454,0.001
91,0.057521413492948925,0.09438455218076706,0.5754218567319277,0.6686474485397339,0.001
92,0.055362043555687315,0.08198498874902725,0.5774546552772949,0.7095797381401062,0.001
93,0.055779590128677614,0.0857645102739334,0.5723617578707203,0.7030264625549316,0.001
94,0.05455218883557003,0.07977164059877395,0.5828020875098087,0.7314507880210877,0.001
95,0.05784203948415056,0.08927008038759232,0.5735656910774564,0.6594461169242859,0.001
96,0.056101669158254354,0.08135270512104034,0.5734285530732984,0.7132998142242432,0.001
97,0.05938313769943574,0.09357426041364669,0.5663007742979852,0.6587002453804016,0.001
98,0.06631996513319378,0.09437833613157272,0.537090018278315,0.6905748620033264,0.001
99,0.05973950759464858,0.0863694515824318,0.5633255164114749,0.7095159239768982,0.001
100,0.055256669296651614,0.1249699491262436,0.568079702111901,0.6297303290367127,0.001
101,0.05855068761934372,0.07525909179449082,0.5626173741629525,0.7335364270210266,0.001
102,0.05860937787752812,0.08734516829252242,0.5654522021706937,0.6760514388084412,0.001
103,0.05635991563298264,0.09285435599088669,0.5738934640790901,0.6705230975151062,0.001
104,0.055524810987646556,0.08404582524299621,0.5687408104759543,0.7087904396057129,0.001
105,0.05386283784424987,0.0761811683177948,0.5683966919439896,0.7246408724784851,0.001
106,0.055261475027722565,0.0852949948310852,0.5673380829229885,0.7302217178344727,0.001
107,0.05559475066400423,0.08169841638207435,0.5907866177933604,0.7234340682029724,0.001
108,0.056824678681096155,0.08498822450637818,0.5761270133816466,0.7250302777290344,0.001
109,0.05691109045374007,0.09681090533733368,0.579155563735733,0.6620741348266601,0.001
110,0.055781005738245674,0.08983583945035935,0.571035835648976,0.6722194147109986,0.001
111,0.05372690554617309,0.08400380253791809,0.5793874522312588,0.7407802920341492,0.001
112,0.05606605483441889,0.08446780836582184,0.5750550325034188,0.7065955429077149,0.001
113,0.05746118200211679,0.10581997543573379,0.5695035372223077,0.6679387469291687,0.001
114,0.06475333028695449,0.10482346999645233,0.5297530623090988,0.629219907283783,0.001
115,0.06253052585157884,0.09618506622314453,0.549721291252211,0.6191901426315307,0.001
116,0.05673148612431785,0.09351570922136307,0.548777265088851,0.6592524313926696,0.001
117,0.06602867060497838,0.09474163448810577,0.5317991546460655,0.6700868272781372,0.001
118,0.05883925037981034,0.08637861436605454,0.5732851817446645,0.6930934352874756,0.001
119,0.05696974181327499,0.08532998943328858,0.5667291422661136,0.6807807893753052,0.001
120,0.0563437329212419,0.08042489671707154,0.5673692977251936,0.7280499830245971,0.001
121,0.056356771754808264,0.0929042757153511,0.5632397395317532,0.6773627734184265,0.001
122,0.05547871620727091,0.10196857678890228,0.5789824482105693,0.6480354838371277,0.001
123,0.05637981590865945,0.09647141230106354,0.5771066752516207,0.6575138421058655,0.001
124,0.057122309680650976,0.08431448185443878,0.5602456816390496,0.6966081709861756,0.001
125,0.05834698628763906,0.08682891172170638,0.556261400739495,0.7070717253684997,0.001
126,0.057105873744575535,0.0894856715798378,0.5652342246217029,0.6698142094612122,0.001
127,0.0555781892464668,0.07997226262092591,0.5759256469244574,0.7146153111457825,0.0002
128,0.05490393356150654,0.08415667557716369,0.5862777516716907,0.7017050399780274,0.0002
129,0.05206472924550851,0.08131641948223114,0.5804134991561093,0.7112747983932495,0.0002
130,0.0532501671655553,0.07620382171869278,0.5888803052921303,0.729448148727417,0.0002
131,0.053271750140996305,0.08425768023729324,0.5818484228532187,0.7131166467666626,0.0002
132,0.051733340270498265,0.07914062690734863,0.5817924972538616,0.7248730778694152,0.0002
133,0.05385034120812708,0.07903560298681259,0.584857454594253,0.7201810626983642,0.0002
134,0.05245797030207346,0.07506454655528069,0.5860120238376265,0.7456751427650452,0.0002
135,0.052623546309247406,0.07585920292139053,0.5905244338269137,0.7432543883323669,0.0002
136,0.053167030816020464,0.07744051134586334,0.5835092114944275,0.7336036581993103,0.0002
137,0.05291769363466097,0.0755884919166565,0.5864733858030288,0.7415462121963501,0.0002
138,0.052045849703100264,0.07531622099876403,0.5885675490117159,0.7390854992866516,0.0002
139,0.05260464005849036,0.07616368091106415,0.5865903231276184,0.736609585762024,0.0002
140,0.05258087865731009,0.0775582674741745,0.5853915119132981,0.7265445332527161,0.0002
141,0.0526806842692259,0.07637179750204086,0.5936782632698389,0.729623279094696,0.0002
142,0.05194140512611018,0.08035265165567398,0.5820347427987919,0.7255498085021973,0.0002
143,0.05204634197285863,0.07781204897165299,0.5870217036227791,0.7186004042625427,0.0002
144,0.05209293553815121,0.08083766877651215,0.5870815703228695,0.7110708327293396,0.0002
145,0.05238748331811009,0.07739445728063583,0.5886052885190064,0.7170579771995544,0.0002
146,0.05180814256425761,0.0745199266076088,0.5778519909541194,0.7456308856010437,0.0002
147,0.05139918693927537,0.0742128681242466,0.5761543464164536,0.7482684988975525,0.0002
148,0.0522298878368114,0.07433709037303925,0.5855593605010974,0.7396641654968261,0.0002
149,0.0511157484311445,0.07775545048713683,0.5878093285339266,0.7380210165977478,0.0002
150,0.051958432210152415,0.0782066096663475,0.5897805856055572,0.719099335193634,0.0002
151,0.051074133187132914,0.08191062861680984,0.5800760753777753,0.7214176354408264,0.0002
152,0.052071225984829245,0.08089395505189896,0.5825754164361439,0.7061507568359375,0.0002
153,0.051715058950232526,0.07722260242700577,0.5838082217607273,0.727215301990509,0.0002
154,0.05145392361350086,0.08343905562162399,0.5875227633072119,0.7049165840148925,0.0002
155,0.05243731874163125,0.08548928987979888,0.6022978136185504,0.7003426175117493,0.0002
156,0.05169646806117533,0.0781554997563362,0.584782192591621,0.7191384844779968,0.0002
157,0.050916915468009964,0.0774952695965767,0.5975293464639655,0.7276269083023071,0.0002
158,0.05126886603747811,0.07571699738502502,0.5898854974128094,0.7491661562919617,0.0002
159,0.052232748616774495,0.08276627302169799,0.5986201906261467,0.7041197280883789,0.0002
160,0.05175997991682816,0.07606242924928665,0.5879888025795569,0.7283038191795349,0.0002
161,0.053215368097426656,0.07781156623363494,0.600666933104533,0.7344089736938476,0.0002
162,0.05260744050485032,0.07814468884468079,0.5827862724345796,0.7300367431640625,0.0002
163,0.052277772567000516,0.07617285603284836,0.5943929974724647,0.7473951773643494,0.0002
164,0.05287482336062153,0.07665838062763214,0.5838935498048325,0.7418098998069763,0.0002
165,0.05129001090297846,0.078495587348938,0.5910401176623985,0.7351741499900818,0.0002
166,0.05234415078384369,0.08088112771511077,0.5874547770902031,0.7360506858825684,0.0002
167,0.05183227413466999,0.07835203745961189,0.6033936631159574,0.7522126579284668,0.0002
168,0.052202606686249695,0.07622893822193146,0.5904164813241276,0.7381748366355896,0.0002
169,0.05131780032833227,0.0758630028963089,0.5946842257429857,0.7379514727592468,0.0002
170,0.05061652427952902,0.0773604689836502,0.5898078610392369,0.7285374884605408,0.0002
171,0.05140689766409398,0.07660634732246399,0.6013164138164269,0.7364990091323853,0.0002
172,0.05158546648803307,0.07943681132793426,0.5988124512156853,0.6956871089935303,0.0002
173,0.05049112426857201,0.07971017903089524,0.5987362203334703,0.6864482522010803,4e-05
174,0.051206611360715075,0.08095092010498046,0.5890254786654728,0.6911489367485046,4e-05
175,0.05171138333196209,0.07707131451368332,0.5981047372190225,0.7137394585609436,4e-05
176,0.05185736455515224,0.07711481338739395,0.6010381276486348,0.7215741477012634,4e-05
177,0.049812481285823065,0.0752827095091343,0.5898878068006148,0.7316379175186157,4e-05
178,0.051252735101160594,0.07723702847957611,0.593353071204182,0.7237422642707825,4e-05
179,0.051470418616073904,0.07673474329710006,0.5923241838162877,0.7224234032630921,4e-05
180,0.049962056969918935,0.0757767025232315,0.5814814035202704,0.7286621828079224,4e-05
181,0.05012684191564838,0.07580469501018525,0.590961817886029,0.7332550330162049,4e-05
182,0.05048333168649922,0.0757643899321556,0.5956049542896459,0.7254860644340515,4e-05
183,0.05019529935132031,0.07491258150339127,0.5914941084008066,0.7322953047752381,4e-05
184,0.05126130857280179,0.0772895296216011,0.586432387658051,0.7198050885200501,4e-05
185,0.052483566020395146,0.07604734688997268,0.5912295227625123,0.7273963217735291,4e-05
186,0.05073868855684936,0.07552274578809738,0.5917921318154947,0.7249628858566284,4e-05
187,0.05125944325480522,0.07590104180574417,0.6023454933750386,0.7234024133682251,4e-05
188,0.04968613486702726,0.07747776317596436,0.5986057649425813,0.716531406402588,4e-05
189,0.05139754200670995,0.0750464129447937,0.5954591844882332,0.7269547395706176,4e-05
190,0.050989696464571015,0.0763837564587593,0.597429882506935,0.7300783643722534,4e-05
191,0.05108066576541591,0.07469628053903579,0.6038837087970106,0.7352139253616333,4e-05
192,0.05017033741534019,0.0743890146613121,0.5925762587759484,0.736835009098053,4e-05
193,0.05046350456753365,0.07607291001081466,0.6023304445736882,0.7362106447219848,4e-05
194,0.05123405373480473,0.07436669456958771,0.6061311109440953,0.7402344923019409,4e-05
195,0.05060003172843253,0.0738754100203514,0.5969625908930619,0.7354434690475464,4e-05
196,0.04922207988867191,0.07726168894767761,0.5924651157968089,0.7297822046279907,4e-05
197,0.05129585628893052,0.07561618548631668,0.599968910145731,0.727519615650177,4e-05
198,0.051582835689216865,0.07605632758140564,0.6009721410493939,0.7139090518951416,4e-05
199,0.05278386210962361,0.07538789385557175,0.5885790563335701,0.7188585586547852,4e-05
200,0.05083262371052118,0.0742603617310524,0.5925073971887644,0.7281095523834229,4e-05
201,0.0492476456719978,0.07494823163747788,0.5884148170109413,0.7342956652641296,4e-05
202,0.051298925689622465,0.07524161446094513,0.6004820977892577,0.7323965020179749,4e-05
203,0.051164013928040215,0.0752185400724411,0.606799703853137,0.7335968627929688,4e-05
204,0.05239606705032477,0.07490091687440872,0.5982555829796519,0.7300095763206482,4e-05
205,0.04999478386283493,0.07588143903017044,0.5891764469268848,0.742679543018341,4e-05
206,0.05150686887179722,0.0750174652338028,0.5858977467072111,0.7317503905296325,4e-05
207,0.05159305609694096,0.0748541239798069,0.5954792835131413,0.7379636344909668,4e-05
208,0.050570027071650196,0.0746211371421814,0.5940408603149969,0.7445076069831849,4e-05
209,0.05127863386789767,0.07626553845405579,0.6014271383764459,0.7369587216377258,4e-05
210,0.05182012977028618,0.07378730255365372,0.6054359123963459,0.7424697060585022,4e-05
211,0.05031608686852856,0.07441309827566146,0.5890678840429604,0.730215699672699,4e-05
212,0.05045441574468857,0.0750257015824318,0.5977495139291068,0.7307276134490966,4e-05
213,0.04974645529152537,0.07486453288793564,0.5950085870882853,0.734539379119873,4e-05
214,0.049163584567967204,0.07509417557716369,0.6001660611067547,0.7435117955207825,4e-05
215,0.048269728414800796,0.07537457808852195,0.5883953662908951,0.746883882522583,4e-05
216,0.051329505509462484,0.07600181514024734,0.6008575935037482,0.7294861931800842,4e-05
217,0.04961325319594934,0.07481544810533523,0.5962894646918215,0.7393624620437622,4e-05
218,0.0505897792234343,0.07434650379419326,0.6035817043454039,0.7401950244903565,4e-05
219,0.049992612553756685,0.07526798099279404,0.5907580263021232,0.7486152687072753,4e-05
220,0.049533708714971356,0.07641174712777138,0.5936521663337576,0.7422420239448547,4e-05
221,0.048232285773196,0.07492026168107986,0.5913659194652058,0.7331957607269287,4e-05
222,0.051473309940734166,0.07774737370014191,0.5831504324141766,0.7348799524307251,4e-05
223,0.05021362261427026,0.07555407509207726,0.586654804977907,0.7343107008934021,4e-05
224,0.051149280179066864,0.07919442790746689,0.594914340863184,0.7109125099182129,4e-05
225,0.04994710857699327,0.07797355550527572,0.6068281682909561,0.7061540198326111,4e-05
226,0.05035856640150472,0.0784987855553627,0.5978182031183826,0.7083103346824646,4e-05
227,0.04883974626743827,0.0775153787136078,0.5936530192836182,0.721888710975647,4e-05
228,0.04900990972290186,0.07616094022989273,0.5918411699091257,0.7200193190574646,4e-05
229,0.05031055607357804,0.07592482298612595,0.6002084107196727,0.7232150907516479,4e-05
230,0.05015471904930256,0.07699430191516876,0.6006200941813951,0.7197932329177856,4e-05
231,0.04964652476163686,0.07660156244039536,0.60063647730153,0.7232708559036255,4e-05
232,0.05022904604208284,0.07572459775209427,0.5974058072869421,0.7261589846611023,4e-05
233,0.04903886115857485,0.07675340569019318,0.6001372243843827,0.7244832129478455,4e-05
234,0.0490676300162647,0.07649821346998215,0.5979407691583485,0.7340669121742248,4e-05
235,0.05154813282868537,0.07580645769834518,0.6005154669928808,0.7441703128814697,4e-05
236,0.050095391481005704,0.07635473793745041,0.5983047173733042,0.7334085578918457,8.000000000000001e-06
237,0.04951560260707877,0.07538046604394913,0.5831094107755712,0.7386894507408142,8.000000000000001e-06
238,0.05010863799018925,0.07596604263782501,0.5885142583091434,0.7364278764724731,8.000000000000001e-06
239,0.05022617536975222,0.07552516478300095,0.5966041926719419,0.7348405895233154,8.000000000000001e-06
240,0.05069481831889193,0.07455125638842583,0.6027751855728101,0.739115204334259,8.000000000000001e-06
241,0.05011470360430229,0.07729851806163787,0.5975937288181454,0.7287365598678589,8.000000000000001e-06
242,0.050072290894745734,0.0752694696187973,0.5944707516480943,0.7357737398147584,8.000000000000001e-06
243,0.048873590327062906,0.0750252941250801,0.592802567367985,0.7378100214004517,8.000000000000001e-06
244,0.049646683530706844,0.07502510258555413,0.5940289088562518,0.738532548904419,8.000000000000001e-06
245,0.04871109726072169,0.07532673346996308,0.5939481893078047,0.73867182970047,8.000000000000001e-06
246,0.04930159110142117,0.07520745205879212,0.5972792866612587,0.7358003635406494,8.000000000000001e-06
247,0.049594236948505406,0.07551808899641037,0.594563239524249,0.7342191295623779,8.000000000000001e-06
248,0.050935012385660575,0.07402111402153969,0.6033899287740533,0.7408330178260804,8.000000000000001e-06
249,0.050462291958708674,0.07494062250852584,0.602344280626832,0.7358961644172668,8.000000000000001e-06
250,0.048255145666049735,0.07412250944972039,0.5850738465141992,0.7418632898330688,8.000000000000001e-06
251,0.04839582797534922,0.07514223915338517,0.594552599129175,0.7419041395187378,8.000000000000001e-06
252,0.050860655893917896,0.07468479472398758,0.6011947661984105,0.741527545452118,8.000000000000001e-06
253,0.04974031156482769,0.07397832542657852,0.5989947219331916,0.7451337614059448,8.000000000000001e-06
254,0.050217468233383286,0.07427797701954841,0.6106261963031444,0.7450486865043641,8.000000000000001e-06
255,0.04993880924736323,0.07431812736392021,0.6003622121933032,0.7428729357719421,8.000000000000001e-06
256,0.04986543300337627,0.07422017672657967,0.600825069545984,0.7415134634971619,8.000000000000001e-06
257,0.05004541305642502,0.07404578465223312,0.6032988022641689,0.7396038222312927,8.000000000000001e-06
258,0.05012716521986393,0.07481070184707642,0.5988000978131731,0.7441945972442627,8.000000000000001e-06
259,0.0499662871466202,0.0743082256615162,0.5953863316795834,0.7428545389175415,8.000000000000001e-06
260,0.04965272042550006,0.07491429054737091,0.6024923175752235,0.7438371963500977,8.000000000000001e-06
261,0.05039060923780332,0.07441953730583191,0.5898864235387606,0.7392676887512207,8.000000000000001e-06
262,0.049332409939106675,0.07549483600258827,0.5901018802930756,0.739163523197174,1.6000000000000004e-06
263,0.049689353502192654,0.07382316645979882,0.5981679562808705,0.7418287320137024,1.6000000000000004e-06
264,0.05012561712695771,0.07390820249915123,0.606883316242299,0.740010823726654,1.6000000000000004e-06
265,0.049523985671515273,0.07438107967376709,0.5988823333326556,0.7440745487213135,1.6000000000000004e-06
266,0.049561432802400475,0.0748913337290287,0.6007578058116863,0.7411800003051758,1.6000000000000004e-06
267,0.05066459480614937,0.07494994398951531,0.5991593687808147,0.7378620200157165,1.6000000000000004e-06
268,0.050258994411055496,0.07533500963449478,0.6042849777602539,0.7425495185852051,1.6000000000000004e-06
269,0.050612639366727726,0.07502624344825745,0.602139209785095,0.7418398184776306,1.6000000000000004e-06
270,0.048686455169758974,0.07480998659133911,0.603936814770502,0.7428036613464355,1.6000000000000004e-06
271,0.04955589519638498,0.07434618693590164,0.5938929009909819,0.7437408185005188,1.6000000000000004e-06
272,0.04889588252085598,0.07666613382101059,0.5948530364484966,0.7398323574066162,1.6000000000000004e-06
273,0.05003983923355166,0.07485461401939392,0.6022546400113695,0.7410236682891845,1.6000000000000004e-06
274,0.05064675829434047,0.074267488270998,0.6097960217612511,0.7393788938522339,1.6000000000000004e-06
275,0.050931723389615054,0.07474256381392479,0.6103244590110519,0.737621118068695,1.6000000000000004e-06
276,0.04923702244769458,0.07595294553041458,0.5917205848232084,0.7367489295005798,1.6000000000000004e-06
277,0.051450620050213725,0.07564205020666122,0.6049219431901942,0.7385719933509827,1.6000000000000004e-06
278,0.04959498614776416,0.07380067640542984,0.5971795732186002,0.7457334938049316,1.6000000000000004e-06
279,0.05025456826679227,0.07517491793632507,0.6003418733902863,0.7371126747131348,1.6000000000000004e-06
280,0.049594139218890894,0.07528011083602905,0.5983250562120982,0.7381736888885498,1.6000000000000004e-06
281,0.04789908798266144,0.07592388838529587,0.5960686286958325,0.73336878490448,1.6000000000000004e-06
282,0.051036964247779114,0.07397086930274964,0.6018479902680371,0.7399132766723633,1.6000000000000004e-06
283,0.04989004328626306,0.07437585353851318,0.5928794757133963,0.7394038019180298,1.6000000000000004e-06
284,0.04903868622794634,0.07539937341213226,0.595034768028992,0.7338523540496826,1.6000000000000004e-06
285,0.05105982511108663,0.07491654455661774,0.6157840607213039,0.7366844792366027,1.6000000000000004e-06
286,0.05188389271855497,0.0754238298535347,0.5895152019590986,0.7327602462768554,1.6000000000000004e-06
287,0.050505188018345935,0.07435565346479416,0.5959069090826409,0.7409135713577271,1.6000000000000004e-06
288,0.050646388748971496,0.0756845697760582,0.5976968869155481,0.7350754337310791,3.200000000000001e-07
289,0.049506680901293135,0.07540092176198959,0.6020270441951348,0.7347516665458679,3.200000000000001e-07
290,0.0501525203685085,0.07449319878220559,0.5988425576195521,0.7392739434242248,3.200000000000001e-07
291,0.050029819483916105,0.07553750312328339,0.5923073324216467,0.7354969224929809,3.200000000000001e-07
292,0.048268793910300554,0.07537992018461227,0.5872043229046227,0.7354056825637817,3.200000000000001e-07
293,0.04995197231839208,0.07622696524858474,0.6000264404284186,0.7390915913581848,3.200000000000001e-07
294,0.049482104123658346,0.07551744031906128,0.6054268885536545,0.7339172749519348,3.200000000000001e-07
295,0.04991113728418404,0.07489766636490822,0.6036821529835689,0.7378844766616821,3.200000000000001e-07
296,0.04891643672287106,0.07470673933625221,0.600751953107827,0.7408494381904602,3.200000000000001e-07
297,0.05044261955109392,0.07495472908020019,0.6009502426153567,0.7363907294273376,3.200000000000001e-07
298,0.04978985980111344,0.07553150093555451,0.6000165326350114,0.7347901306152343,3.200000000000001e-07
299,0.0503168284234141,0.07510572576522827,0.5933007104557102,0.7419553642272949,3.200000000000001e-07
300,0.04959312025286189,0.07536925280094146,0.5925287437252924,0.7346380047798157,3.200000000000001e-07
301,0.050752433590820524,0.0765006914138794,0.599451806364941,0.734066529750824,3.200000000000001e-07
302,0.05012579975935186,0.07481451457738876,0.6022083751198386,0.7385026893615723,3.200000000000001e-07
303,0.0498159878036412,0.075333054125309,0.5967918875910082,0.7367084884643554,3.200000000000001e-07
304,0.0500970177587961,0.07533534842729568,0.5931392476624515,0.7337736463546753,3.200000000000001e-07
305,0.04872295264976055,0.07604805034399033,0.593473303647173,0.7357515754699707,3.200000000000001e-07
306,0.05287248434490707,0.07468598833680153,0.6070140611414625,0.7401132335662842,3.200000000000001e-07
307,0.05043902740973671,0.07516262269020081,0.602769238011939,0.7375891885757446,3.200000000000001e-07
308,0.04975895270580003,0.07542392593622207,0.6045329902304702,0.733863926410675,3.200000000000001e-07
309,0.0505622178338477,0.07550409442186355,0.6103805512988887,0.7341717734336853,3.200000000000001e-07
310,0.049899286382934865,0.07482948803901672,0.5985813578303788,0.7363526124954224,3.200000000000001e-07
311,0.04995297083259225,0.0764299995303154,0.598355757779911,0.7302551965713501,3.200000000000001e-07
312,0.05006922644470968,0.07521937209367752,0.6008764916107434,0.7369223151206971,3.200000000000001e-07
313,0.05000216220649017,0.07539763203263283,0.5984455852949319,0.7378645958900452,3.200000000000001e-07
314,0.05146506133110297,0.0759188026189804,0.597599233053073,0.7348123888969421,6.400000000000003e-08
315,0.05037617222333298,0.07432170015573501,0.6015135499895835,0.7359755668640137,6.400000000000003e-08
316,0.04859436155200338,0.07736628127098083,0.5853824952260263,0.7320789999961853,6.400000000000003e-08
317,0.050361239696059434,0.07500967276096344,0.6060226697500061,0.7379631195068359,6.400000000000003e-08
318,0.050250417950535926,0.07477914142608642,0.5980246030315965,0.7399934773445129,6.400000000000003e-08
319,0.050267095019032405,0.07597003358602523,0.596426084357388,0.7381289753913879,6.400000000000003e-08
320,0.04941540857513889,0.0743980199098587,0.5867759140074945,0.7382609505653381,6.400000000000003e-08
321,0.050625745354651835,0.07495842263102531,0.5920852486397468,0.7402330250740051,6.400000000000003e-08
322,0.04905627707258708,0.0745681989490986,0.5893999355800059,0.7386118898391724,6.400000000000003e-08
323,0.049481646484639846,0.07423235031962394,0.6029015720105257,0.7392137241363526,6.400000000000003e-08
324,0.05093593529614509,0.07429111659526826,0.5915272475338402,0.7403887948989868,6.400000000000003e-08
325,0.050517568751579284,0.07452364414930343,0.6053940316780704,0.7363816986083984,6.400000000000003e-08
326,0.04929187049527987,0.07473582634329796,0.5986958730693053,0.739351511478424,6.400000000000003e-08
327,0.04820481364746817,0.07465906226634979,0.5964069120308646,0.7357539916038514,6.400000000000003e-08
328,0.04814676736437139,0.07420813259482384,0.5966806241921206,0.7424677357673645,6.400000000000003e-08
329,0.049896314807263024,0.07821643048524857,0.589753290879823,0.7351385707855225,6.400000000000003e-08
330,0.05006201548867819,0.07464534777402877,0.601282244756156,0.7394417309761048,6.400000000000003e-08
331,0.04926609188070794,0.07582954275608063,0.5954898499450286,0.7361773858070374,6.400000000000003e-08
332,0.049384364065956046,0.07563411062955856,0.5930407887079469,0.7345560994148255,6.400000000000003e-08
333,0.04995882298265185,0.07502581131458283,0.5952860691300293,0.7359736790657043,6.400000000000003e-08
334,0.050298781729355105,0.07453397461771966,0.5990621278456756,0.7407442064285278,6.400000000000003e-08
335,0.050877048952632446,0.0743598639369011,0.5965207908190742,0.7360338926315307,6.400000000000003e-08
336,0.04929535662164303,0.07476638096570969,0.5914950614311353,0.7437482957839966,6.400000000000003e-08
337,0.049996647216072554,0.07595003837347031,0.6012696492858007,0.7359793968200684,6.400000000000003e-08
338,0.04943445217119259,0.07617922502756119,0.606565917108287,0.7376237044334412,6.400000000000003e-08
339,0.05050401887944003,0.07460223317146301,0.6007794453507187,0.737876247882843,6.400000000000003e-08
340,0.04826254842012059,0.07436079314351082,0.5989207804751615,0.7398154935836792,1.2800000000000007e-08
341,0.04923255998893183,0.07426296231150627,0.6021924475137116,0.7430580706596375,1.2800000000000007e-08
342,0.05082025534871007,0.07500182887911797,0.5903315055651778,0.74144669008255,1.2800000000000007e-08
343,0.049860631742206465,0.07453957492113114,0.6017959249549124,0.7393797302246093,1.2800000000000007e-08
344,0.051460726187378465,0.0742379874587059,0.5972635211253844,0.7389821891784668,1.2800000000000007e-08
345,0.049651491783317826,0.07525154739618302,0.5979234145946052,0.7398761005401612,1.2800000000000007e-08
346,0.04887633489406839,0.07605100184679031,0.5922640428489664,0.7340129246711731,1.2800000000000007e-08
347,0.0499665402994007,0.07465659987926483,0.5914839935474464,0.7404061102867127,1.2800000000000007e-08
348,0.04935134173023934,0.07547638767957687,0.6076793424984893,0.7360899076461792,1.2800000000000007e-08
349,0.049833743403307575,0.07425082910060883,0.5955964243378626,0.7386261653900147,1.2800000000000007e-08
350,0.05017761215001118,0.07399082514643669,0.595600628814682,0.7416459584236145,1.2800000000000007e-08
351,0.051214170898972344,0.07431215679645538,0.6034497255656948,0.7392841210365295,1.2800000000000007e-08
352,0.049504552816166406,0.07593659514188766,0.5947698602298586,0.7391147017478943,1.2800000000000007e-08
353,0.04913437276446567,0.07578887760639191,0.5888349756139333,0.7387924933433533,1.2800000000000007e-08
354,0.05001319861974941,0.0759387201666832,0.5923344201686718,0.7381647992134094,1.2800000000000007e-08
355,0.049448268223448055,0.07450316417217255,0.5883002497521149,0.7420903325080872,1.2800000000000007e-08
356,0.04951750779566931,0.07627919691801072,0.5797327087372959,0.7387238121032715,1.2800000000000007e-08
357,0.04883305262736961,0.07381920656561851,0.6036778013913238,0.7447953295707702,1.2800000000000007e-08
358,0.04950097394140423,0.07522816053032876,0.6007917353800651,0.7372485146522522,1.2800000000000007e-08
359,0.049599757857051265,0.07548518925905227,0.5954187392902259,0.7373507490158081,1.2800000000000007e-08
360,0.049611718866790756,0.07483687055110931,0.5946736170941231,0.7391355175971985,1.2800000000000007e-08
361,0.050465720249157325,0.07495905041694641,0.601915737899507,0.737673146724701,1.2800000000000007e-08
362,0.05076541540985491,0.07360278674960137,0.6061492901699407,0.7399437346458435,1.2800000000000007e-08
363,0.04987392216032388,0.07403874266147613,0.6036822341737293,0.7410949101448059,1.2800000000000007e-08
364,0.05035214741327086,0.07456670385599136,0.5980451837116454,0.7391956534385681,1.2800000000000007e-08
365,0.04981917343667003,0.07491015681624412,0.5996400066355125,0.7409280400276184,1.2800000000000007e-08
366,0.04971913831467245,0.07435651862621308,0.596115791115488,0.7363373470306397,1.2800000000000007e-08
367,0.050052207125043,0.07539959079027175,0.5939108703364463,0.7356576547622681,1.2800000000000007e-08
368,0.04892466121650233,0.0749920185804367,0.5937055904133504,0.7387494554519654,1.2800000000000007e-08
369,0.05030060543411491,0.07510471361875534,0.6039231092918391,0.7381397099494934,1.2800000000000007e-08
370,0.04905771034486106,0.07536984932422638,0.5967839059470987,0.7331317329406738,1.2800000000000007e-08
371,0.04982343287232901,0.07605867958068847,0.5938079398410137,0.7378113489151001,1.2800000000000007e-08
372,0.050753644058982486,0.07443412029743195,0.6023599660220076,0.7413306736946106,1.2800000000000007e-08
373,0.048960095126123704,0.07485034272074699,0.5977961314158613,0.7383563885688782,1.2800000000000007e-08
374,0.04909461887837315,0.07476862713694572,0.598895063253344,0.7389679207801819,1.2800000000000007e-08
375,0.05247061575601558,0.07490292954444885,0.6097528765849373,0.7347145180702209,1.2800000000000007e-08
376,0.04923537908410396,0.07513233608007432,0.5936843420134015,0.739613329410553,1.2800000000000007e-08
377,0.05024598124904745,0.0749174056649208,0.5976082188170068,0.7389546284675598,1.2800000000000007e-08
378,0.04952823980098345,0.07426937729120255,0.6010989195921747,0.7407415280342102,1.2800000000000007e-08
379,0.04968234314685729,0.0758015741109848,0.5899013984961813,0.7358783431053162,1.2800000000000007e-08
380,0.04923015774166932,0.07572053772211075,0.5972730082576396,0.7353246288299561,1.2800000000000007e-08
381,0.05005148882601632,0.07551893031597137,0.5938603009353308,0.7359929747581482,1.2800000000000007e-08
382,0.04929982642216437,0.07604538905620575,0.5922483924437923,0.7356520977020263,1.2800000000000007e-08
383,0.050463945782628236,0.07441826513409615,0.6020454334086921,0.7421579184532165,1.2800000000000007e-08
384,0.05091231944365185,0.07471147981286048,0.5992553267015271,0.7379917230606079,1.2800000000000007e-08
385,0.048804659761634527,0.07493023642897606,0.6034467232709124,0.7378595671653747,1.2800000000000007e-08
386,0.051790818045822896,0.07567299515008927,0.6013893451438803,0.7359515242576599,1.2800000000000007e-08
387,0.04998545707011519,0.0751383318901062,0.5961055060943254,0.7409494194984436,1.2800000000000007e-08
388,0.05044196123609833,0.07519718188047408,0.6021715264742066,0.7367115592956544,2.5600000000000015e-09
389,0.049185504539817175,0.07535608407855034,0.602099058555574,0.7381923756599427,2.5600000000000015e-09
390,0.05014360163893018,0.07644867831468583,0.6030079377155487,0.7386771421432495,2.5600000000000015e-09
391,0.049663396136669,0.0761315124630928,0.5878194455339127,0.7393308148384095,2.5600000000000015e-09
392,0.04922245262267471,0.0764040961265564,0.5930262035539313,0.7326960687637329,2.5600000000000015e-09
393,0.05093805928255807,0.0747568581700325,0.5955223216205274,0.7364160404205322,2.5600000000000015e-09
394,0.04966421500474465,0.07513331520557404,0.5961620592031063,0.7358901829719543,2.5600000000000015e-09
395,0.05086868143632632,0.0742532065808773,0.5977184975943884,0.7374457550048829,2.5600000000000015e-09
396,0.05044322338949542,0.07433012932538986,0.6015818414090871,0.7396045966148377,2.5600000000000015e-09
397,0.049966990411066926,0.07539438226819038,0.5965396615923667,0.7382755060195922,2.5600000000000015e-09
398,0.0498143795515452,0.07443741071224212,0.6061956708838626,0.7373297553062439,2.5600000000000015e-09
399,0.04972992292424592,0.07430839693546296,0.6089494735920796,0.7374905905723572,2.5600000000000015e-09
400,0.04886848838621972,0.07548440712690353,0.5922029246898497,0.7351373753547669,2.5600000000000015e-09
401,0.04889293094905389,0.07586527907848359,0.596552381328508,0.7375941805839539,2.5600000000000015e-09
402,0.04997714654523499,0.07365112441778184,0.6017130865436309,0.7425949964523315,2.5600000000000015e-09
403,0.050041747990907694,0.07381077167391777,0.6017426220881267,0.7441295671463013,2.5600000000000015e-09
404,0.04947065641017569,0.07496978133916855,0.6018792825872872,0.7392322015762329,2.5600000000000015e-09
405,0.04973106449987946,0.074837926030159,0.5928077171592055,0.7331898093223572,2.5600000000000015e-09
406,0.050083915412682395,0.0740731888115406,0.6133734798278747,0.7390659909248352,2.5600000000000015e-09
407,0.049510215252202575,0.07561076772212982,0.6016899095911558,0.7327115535736084,2.5600000000000015e-09
408,0.04917695509995065,0.07417760905623436,0.601982056975317,0.7372555241584778,2.5600000000000015e-09
409,0.049764762046326155,0.07468031603097916,0.6088361477866179,0.7356033420562744,2.5600000000000015e-09
410,0.05013733508498395,0.07433755907416344,0.6044220287306589,0.7387272443771362,2.5600000000000015e-09
411,0.0494245572739384,0.07440395790338517,0.595491534473897,0.7427643384933472,2.5600000000000015e-09
412,0.049411655779705854,0.07470454716682434,0.5965086702062111,0.7363031210899353,2.5600000000000015e-09
413,0.049897559422428676,0.07394439223408698,0.60332166993556,0.7379452910423279,2.5600000000000015e-09
414,0.04869217610731274,0.07473183226585388,0.589183110101264,0.7386183204650879,2.5600000000000015e-09
415,0.05095769174877001,0.0752255842089653,0.5998630588676701,0.7370811357498169,2.5600000000000015e-09
416,0.04866919871054444,0.07499959868192672,0.5914921626514222,0.7358718514442444,2.5600000000000015e-09
417,0.04891537999709686,0.07575881958007813,0.5854553522086706,0.7390656609535218,2.5600000000000015e-09
418,0.048646523330618544,0.07551392549276352,0.5907913788455446,0.7378552432060241,2.5600000000000015e-09
419,0.04949544414746709,0.0749701566696167,0.596794788004542,0.7385132031440735,2.5600000000000015e-09
420,0.05106718513090499,0.07464566105604171,0.5994779474976636,0.7351837768554688,2.5600000000000015e-09
421,0.050547620845811755,0.0752049770951271,0.5938570294775167,0.7360889625549316,2.5600000000000015e-09
422,0.05025705981219993,0.0754360054731369,0.596712632959678,0.7368391952514648,2.5600000000000015e-09
423,0.049929180091955794,0.07590248453617096,0.6061317230067572,0.7341133728027344,2.5600000000000015e-09
424,0.05066191038640798,0.0742962164580822,0.6048656271523883,0.7383596572875977,2.5600000000000015e-09
425,0.05006683686775725,0.07666777342557907,0.597203943838163,0.7347366924285889,2.5600000000000015e-09
426,0.04961556666532532,0.07476707687973976,0.5913614239536222,0.740037715435028,2.5600000000000015e-09
427,0.04972258474709106,0.07493267863988877,0.5989984032772884,0.7356128129959106,2.5600000000000015e-09
428,0.050289701809044504,0.07486078715324401,0.6034439134807671,0.7419182314872742,2.5600000000000015e-09
429,0.04939157184229798,0.0760503938794136,0.5955593316089444,0.7312723050117492,2.5600000000000015e-09
430,0.04929420732859136,0.07500770792365075,0.6006822067530168,0.7388111925125123,2.5600000000000015e-09
431,0.05046751939293956,0.07485445418953895,0.596727955288866,0.7396884250640869,2.5600000000000015e-09
432,0.04967432739544793,0.07622860342264176,0.6031786634617684,0.7348849515914917,2.5600000000000015e-09
433,0.050103528702369976,0.07507484692335128,0.5925818173682131,0.737771336555481,2.5600000000000015e-09
434,0.050194745378739455,0.07603388237953186,0.5928487483860732,0.7370632400512696,2.5600000000000015e-09
435,0.04804836016143857,0.07595239281654358,0.5864312018261475,0.7362925229072571,2.5600000000000015e-09
436,0.047670879228716614,0.07516503536701202,0.5935651297662773,0.7344883546829224,2.5600000000000015e-09
437,0.05014442649780631,0.07452140253782272,0.593579686322466,0.7385138025283814,2.5600000000000015e-09
438,0.05205873911212735,0.07442178228497505,0.6115870213642174,0.7402106580734253,2.5600000000000015e-09
439,0.049265693780742865,0.07622418010234833,0.6028493699573335,0.7321649212837219,2.5600000000000015e-09
440,0.04886620397828206,0.07510499128699302,0.5918636677168807,0.7375890245437622,2.5600000000000015e-09
441,0.04916056715437964,0.07536030906438827,0.6012933855058671,0.7393352146148682,2.5600000000000015e-09
442,0.04970771313405314,0.07553771567344665,0.5899666909958754,0.7354589934349061,2.5600000000000015e-09
443,0.05036992921667988,0.07474567639827728,0.6018692997335291,0.7401453595161438,2.5600000000000015e-09
444,0.050047447137972885,0.07438598275184631,0.605131150842333,0.7362721204757691,2.5600000000000015e-09
445,0.05020629207179898,0.07460565346479416,0.6030687913030278,0.7427968602180481,2.5600000000000015e-09
446,0.04886251457837545,0.07435232147574425,0.593919587545559,0.7383893847465515,2.5600000000000015e-09
447,0.049375630075893864,0.07700282764434814,0.5895511452891246,0.7297598476409912,2.5600000000000015e-09
448,0.04993719908417392,0.07397750622034073,0.6021758658545358,0.7412245464324951,2.5600000000000015e-09
449,0.05049258967389723,0.07494542968273163,0.6014766229682562,0.7350506477355957,2.5600000000000015e-09
450,0.050839457844271095,0.0742859999537468,0.6035752552611774,0.7336820693016052,2.5600000000000015e-09
451,0.049442807805030145,0.07386999070644379,0.5949759512913136,0.7376417479515076,2.5600000000000015e-09
452,0.04857567081353864,0.07617472040653228,0.5960099156282577,0.7393790626525879,2.5600000000000015e-09
453,0.05058039054304373,0.0743101789355278,0.6034699135324677,0.7385638923645019,2.5600000000000015e-09
454,0.04873102361343059,0.07569409966468811,0.5978882451112769,0.7354924092292786,2.5600000000000015e-09
455,0.04951473481121327,0.07436859208345413,0.5957314563112385,0.7385354037284851,2.5600000000000015e-09
456,0.04810250435909983,0.07542039138078689,0.5909346149009721,0.7346557650566101,2.5600000000000015e-09
457,0.04893245436057371,0.07528543698787689,0.5946969599092231,0.735727876663208,2.5600000000000015e-09
458,0.04880281821901009,0.07613293719291687,0.5912399062780248,0.7327281346321106,2.5600000000000015e-09
459,0.04861674756080019,0.07652327579259872,0.5908892324277046,0.732371708393097,2.5600000000000015e-09
460,0.04992546910206143,0.07376497837901115,0.5946750913967653,0.7420576796531677,2.5600000000000015e-09
461,0.05018566410784342,0.07404645916819573,0.5876451240820425,0.736682924747467,2.5600000000000015e-09
462,0.05096944330596313,0.07441458478569984,0.6037960009557717,0.7402907257080078,2.5600000000000015e-09
463,0.05000011997670829,0.0748789411187172,0.6014758289790526,0.7378323903083801,2.5600000000000015e-09
464,0.04957899072614848,0.07482209876179695,0.590530094693975,0.7386687045097351,2.5600000000000015e-09
465,0.04948124253735536,0.07457570293545723,0.6018378310033731,0.7400877723693847,2.5600000000000015e-09
466,0.04967257618552306,0.07557165038585663,0.5889227034426442,0.7360342965126038,2.5600000000000015e-09
467,0.04959979294842126,0.07579025000333786,0.600670701673194,0.7373171463012695,2.5600000000000015e-09
468,0.04899120470713906,0.07466494581103325,0.5970693136415943,0.738961929321289,2.5600000000000015e-09
469,0.048708924908144755,0.07611360514163971,0.5907239223323187,0.7354053158760071,2.5600000000000015e-09
470,0.05166742144798746,0.07416941648721695,0.5955672815781967,0.7394860544204712,2.5600000000000015e-09
471,0.05109892800158145,0.07650524312257767,0.598284573782058,0.7354662489891052,2.5600000000000015e-09
472,0.0500979791236978,0.07584318977594376,0.6002190333693063,0.7373467235565185,2.5600000000000015e-09
473,0.04944466684116464,0.07511178302764893,0.5990914780171025,0.7370172772407532,2.5600000000000015e-09
474,0.049134894835801066,0.07570031630992889,0.5897844479459913,0.7378429493904114,2.5600000000000015e-09
475,0.050597971638425346,0.0745631899535656,0.6049295315364687,0.7408571891784668,2.5600000000000015e-09
476,0.05099004398242814,0.07517730295658112,0.5969463299874928,0.7367599768638611,2.5600000000000015e-09
477,0.05003596944551842,0.07541562205553055,0.5992167157237651,0.7374346780776978,2.5600000000000015e-09
478,0.049815814125211105,0.07442225801944732,0.5955847340280793,0.7390647325515747,2.5600000000000015e-09
479,0.05021147152223364,0.07502606788277626,0.5956336959164922,0.7385568633079529,2.5600000000000015e-09
